{
    "loss": 2.2448818683624268,
    "accuracy": 0.843137264251709
}