{
    "loss": 0.06092337891459465,
    "accuracy": 0.9901960492134094
}